{"cameraMode":{"drawMode":0,"name":"Shaded","section":"Shading Mode"},"sceneLighting":true,"audioPlay":false,"sceneViewState":{"showFog":true,"showMaterialUpdate":true,"showSkybox":true,"showFlares":true,"showImageEffects":true,"showParticleSystems":true},"in2DMode":false,"pivot":{"x":3.0199999809265138,"y":14.029999732971192,"z":-6.019999980926514},"rotation":{"x":0.43798089027404787,"y":0.22365647554397584,"z":-0.11346931010484696,"w":0.8632935285568237},"size":2.8578836917877199,"orthographic":false}