{"cameraMode":{"drawMode":0,"name":"Shaded","section":"Shading Mode"},"sceneLighting":false,"audioPlay":false,"sceneViewState":{"showFog":true,"showMaterialUpdate":true,"showSkybox":false,"showFlares":true,"showImageEffects":true,"showParticleSystems":true},"in2DMode":false,"pivot":{"x":-2.5209999084472658,"y":1.2999999523162842,"z":-10.263999938964844},"rotation":{"x":-0.0413178987801075,"y":0.05782648175954819,"z":-0.002393726957961917,"w":-0.9974715709686279},"size":2.8578836917877199,"orthographic":false}