{"cameraMode":{"drawMode":0,"name":"Shaded","section":"Shading Mode"},"sceneLighting":true,"audioPlay":false,"sceneViewState":{"showFog":true,"showMaterialUpdate":true,"showSkybox":true,"showFlares":true,"showImageEffects":true,"showParticleSystems":true},"in2DMode":false,"pivot":{"x":-1.0699844360351563,"y":4.341756820678711,"z":-22.087656021118165},"rotation":{"x":-0.1683269739151001,"y":-0.5231214761734009,"z":0.10625991225242615,"w":-0.8286879062652588},"size":28.649723052978517,"orthographic":false}