{"cameraMode":{"drawMode":0,"name":"Shaded","section":"Shading Mode"},"sceneLighting":true,"audioPlay":false,"sceneViewState":{"showFog":true,"showMaterialUpdate":true,"showSkybox":true,"showFlares":true,"showImageEffects":true,"showParticleSystems":true},"in2DMode":false,"pivot":{"x":6.130000114440918,"y":-1.9800000190734864,"z":-6.059999942779541},"rotation":{"x":-0.0413178987801075,"y":0.05782648175954819,"z":-0.002393726957961917,"w":-0.9974715709686279},"size":2.8578836917877199,"orthographic":false}