{"cameraMode":{"drawMode":0,"name":"Shaded","section":"Shading Mode"},"sceneLighting":true,"audioPlay":false,"sceneViewState":{"showFog":true,"showMaterialUpdate":true,"showSkybox":true,"showFlares":true,"showImageEffects":true,"showParticleSystems":true},"in2DMode":false,"pivot":{"x":-2.147963523864746,"y":12.955066680908204,"z":-1468.9698486328125},"rotation":{"x":-0.056918103247880939,"y":0.042215023189783099,"z":0.0024088409263640644,"w":0.9974830150604248},"size":22.0,"orthographic":false}