{"cameraMode":{"drawMode":0,"name":"Shaded","section":"Shading Mode"},"sceneLighting":true,"audioPlay":false,"sceneViewState":{"showFog":true,"showMaterialUpdate":true,"showSkybox":true,"showFlares":true,"showImageEffects":true,"showParticleSystems":true},"in2DMode":false,"pivot":{"x":-1.649999976158142,"y":-1.0,"z":-9.729999542236329},"rotation":{"x":0.43798089027404787,"y":0.22365647554397584,"z":-0.11346931010484696,"w":0.8632935285568237},"size":2.857883930206299,"orthographic":false}