{"cameraMode":{"drawMode":0,"name":"Shaded","section":"Shading Mode"},"sceneLighting":true,"audioPlay":false,"sceneViewState":{"showFog":true,"showMaterialUpdate":true,"showSkybox":true,"showFlares":true,"showImageEffects":true,"showParticleSystems":true},"in2DMode":false,"pivot":{"x":3.0199999809265138,"y":14.029999732971192,"z":-6.019999980926514},"rotation":{"x":0.3620753586292267,"y":0.005592846777290106,"z":-0.0021725608967244627,"w":0.9321301579475403},"size":22.0,"orthographic":false}